1,name_1,101,1
33,name_33,133,33
18,name_18,118,18
21,name_21,121,21
34,name_34,134,34
9,name_9,109,9
6,name_6,106,6
32,name_32,132,32
4,name_4,104,4
29,name_29,129,29
11,name_11,111,11
13,name_13,113,13
5,name_5,105,5
2,name_2,102,2
7,name_7,107,7
16,name_16,116,16
31,name_31,131,31
20,name_20,120,20
30,name_30,130,30
25,name_25,125,25
24,name_24,124,24
15,name_15,115,15
14,name_14,114,14
28,name_28,128,28
37,name_37,137,37
26,name_26,126,26
35,name_35,135,35
23,name_23,123,23
10,name_10,110,10
12,name_12,112,12
3,name_3,103,3
8,name_8,108,8
22,name_22,122,22
27,name_27,127,27
19,name_19,119,19
17,name_17,117,17
36,name_36,136,36